x,y,layer1,layer2,voltage1,voltage2,current
5176.01,1060.21,TOP_LAYER,LAYER_1,0.00143147,0.00143147,-1.45856e-15
5176.01,1060.21,LAYER_1,LAYER_2,0.00143147,0.00143147,-5.31907e-16
5176.01,1060.21,LAYER_2,BOTTOM_LAYER,0.00143147,0.00143147,-0
5176.01,1201.94,TOP_LAYER,LAYER_1,0.00142341,0.00142341,-0
5176.01,1201.94,LAYER_1,LAYER_2,0.00142341,0.00142341,-7.97861e-16
5176.01,1201.94,LAYER_2,BOTTOM_LAYER,0.00142341,0.00142341,-0
5176.01,1910.6,TOP_LAYER,LAYER_1,0.00135239,0.00135239,-0
5176.01,1910.6,LAYER_1,LAYER_2,0.00135239,0.00135239,-7.97861e-16
5176.01,1910.6,LAYER_2,BOTTOM_LAYER,0.00135239,0.00135239,-0
5176.01,2194.07,TOP_LAYER,LAYER_1,0.00133603,0.00133624,-0.00139009
5176.01,2194.07,LAYER_1,LAYER_2,0.00133624,0.00133737,-0.00139009
5176.01,2194.07,LAYER_2,BOTTOM_LAYER,0.00133737,0.00133737,-0
5176.01,2335.8,TOP_LAYER,LAYER_1,0.00133414,0.00133414,8.31199e-07
5176.01,2335.8,LAYER_1,LAYER_2,0.00133414,0.00133414,8.31199e-07
5176.01,2335.8,LAYER_2,BOTTOM_LAYER,0.00133414,0.00133414,-0
5211.44,1839.73,TOP_LAYER,LAYER_1,0.00135784,0.00135784,-1.45856e-15
5211.44,1839.73,LAYER_1,LAYER_2,0.00135784,0.00135784,-5.31907e-16
5211.44,1839.73,LAYER_2,BOTTOM_LAYER,0.00135784,0.00135784,-0
5211.44,2264.93,TOP_LAYER,LAYER_1,0.00133477,0.00133487,-0.000708143
5211.44,2264.93,LAYER_1,LAYER_2,0.00133487,0.00133545,-0.000708143
5211.44,2264.93,LAYER_2,BOTTOM_LAYER,0.00133545,0.00133545,-0
5246.88,1910.6,TOP_LAYER,LAYER_1,0.00135203,0.00135203,-0
5246.88,1910.6,LAYER_1,LAYER_2,0.00135203,0.00135203,-7.97861e-16
5246.88,1910.6,LAYER_2,BOTTOM_LAYER,0.00135203,0.00135203,-0
5246.88,2194.07,TOP_LAYER,LAYER_1,0.00133567,0.00133594,-0.00181463
5246.88,2194.07,LAYER_1,LAYER_2,0.00133594,0.00133742,-0.00181463
5246.88,2194.07,LAYER_2,BOTTOM_LAYER,0.00133742,0.00133742,-0
5246.88,2335.8,TOP_LAYER,LAYER_1,0.001334,0.001334,3.83007e-06
5246.88,2335.8,LAYER_1,LAYER_2,0.001334,0.001334,3.83007e-06
5246.88,2335.8,LAYER_2,BOTTOM_LAYER,0.001334,0.001334,-0
5282.31,1839.73,TOP_LAYER,LAYER_1,0.00135697,0.00135697,-0
5282.31,1839.73,LAYER_1,LAYER_2,0.00135697,0.00135697,-7.97861e-16
5282.31,1839.73,LAYER_2,BOTTOM_LAYER,0.00135697,0.00135697,-0
5282.31,2264.93,TOP_LAYER,LAYER_1,0.00133449,0.0013346,-0.00073439
5282.31,2264.93,LAYER_1,LAYER_2,0.0013346,0.0013352,-0.00073439
5282.31,2264.93,LAYER_2,BOTTOM_LAYER,0.0013352,0.0013352,1.45856e-15
5317.74,1910.6,TOP_LAYER,LAYER_1,0.00135094,0.00135094,-0
5317.74,1910.6,LAYER_1,LAYER_2,0.00135094,0.00135094,-7.97861e-16
5317.74,1910.6,LAYER_2,BOTTOM_LAYER,0.00135094,0.00135094,-0
5317.74,2194.07,TOP_LAYER,LAYER_1,0.00133526,0.00133554,-0.00183665
5317.74,2194.07,LAYER_1,LAYER_2,0.00133554,0.00133703,-0.00183665
5317.74,2194.07,LAYER_2,BOTTOM_LAYER,0.00133703,0.00133703,-0
5317.74,2335.8,TOP_LAYER,LAYER_1,0.00133361,0.0013336,4.26022e-05
5317.74,2335.8,LAYER_1,LAYER_2,0.0013336,0.00133357,4.26022e-05
5317.74,2335.8,LAYER_2,BOTTOM_LAYER,0.00133357,0.00133357,-0
5353.17,1839.73,TOP_LAYER,LAYER_1,0.00135516,0.00135516,-0
5353.17,1839.73,LAYER_1,LAYER_2,0.00135516,0.00135516,-7.97861e-16
5353.17,1839.73,LAYER_2,BOTTOM_LAYER,0.00135516,0.00135516,-0
5353.17,2264.93,TOP_LAYER,LAYER_1,0.001334,0.0013341,-0.000718216
5353.17,2264.93,LAYER_1,LAYER_2,0.0013341,0.00133469,-0.000718216
5353.17,2264.93,LAYER_2,BOTTOM_LAYER,0.00133469,0.00133469,-0
5353.17,2406.66,TOP_LAYER,LAYER_1,0.00133231,0.00133235,-0.000249416
5353.17,2406.66,LAYER_1,LAYER_2,0.00133235,0.00133255,-0.000249416
5353.17,2406.66,LAYER_2,BOTTOM_LAYER,0.00133255,0.00133255,-0
5388.61,1910.6,TOP_LAYER,LAYER_1,0.00134909,0.00134909,-0
5388.61,1910.6,LAYER_1,LAYER_2,0.00134909,0.00134909,-7.97861e-16
5388.61,1910.6,LAYER_2,BOTTOM_LAYER,0.00134909,0.00134909,-0
5388.61,2194.07,TOP_LAYER,LAYER_1,0.00133469,0.00133496,-0.00177228
5388.61,2194.07,LAYER_1,LAYER_2,0.00133496,0.0013364,-0.00177228
5388.61,2194.07,LAYER_2,BOTTOM_LAYER,0.0013364,0.0013364,-0
5388.61,2335.8,TOP_LAYER,LAYER_1,0.001333,0.00133299,0.000111236
5388.61,2335.8,LAYER_1,LAYER_2,0.00133299,0.0013329,0.000111236
5388.61,2335.8,LAYER_2,BOTTOM_LAYER,0.0013329,0.0013329,-0
5388.61,2477.53,TOP_LAYER,LAYER_1,0.00133095,0.00133097,-8.10165e-05
5388.61,2477.53,LAYER_1,LAYER_2,0.00133097,0.00133103,-8.10165e-05
5388.61,2477.53,LAYER_2,BOTTOM_LAYER,0.00133103,0.00133103,-0
5424.04,1839.73,TOP_LAYER,LAYER_1,0.00135226,0.00135226,-1.45856e-15
5424.04,1839.73,LAYER_1,LAYER_2,0.00135226,0.00135226,-5.31907e-16
5424.04,1839.73,LAYER_2,BOTTOM_LAYER,0.00135226,0.00135226,-0
5424.04,2264.93,TOP_LAYER,LAYER_1,0.00133335,0.00133345,-0.000659404
5424.04,2264.93,LAYER_1,LAYER_2,0.00133345,0.00133399,-0.000659404
5424.04,2264.93,LAYER_2,BOTTOM_LAYER,0.00133399,0.00133399,-0
5424.04,2406.66,TOP_LAYER,LAYER_1,0.00133152,0.00133154,-0.000178199
5424.04,2406.66,LAYER_1,LAYER_2,0.00133154,0.00133169,-0.000178199
5424.04,2406.66,LAYER_2,BOTTOM_LAYER,0.00133169,0.00133169,-0
5424.04,2548.4,TOP_LAYER,LAYER_1,0.00132966,0.00132966,2.29416e-06
5424.04,2548.4,LAYER_1,LAYER_2,0.00132966,0.00132966,2.29416e-06
5424.04,2548.4,LAYER_2,BOTTOM_LAYER,0.00132966,0.00132966,-0
5459.47,1910.6,TOP_LAYER,LAYER_1,0.00134646,0.00134646,-0
5459.47,1910.6,LAYER_1,LAYER_2,0.00134646,0.00134646,-7.97861e-16
5459.47,1910.6,LAYER_2,BOTTOM_LAYER,0.00134646,0.00134646,-0
5459.47,2194.07,TOP_LAYER,LAYER_1,0.00133403,0.00133427,-0.00163901
5459.47,2194.07,LAYER_1,LAYER_2,0.00133427,0.00133561,-0.00163901
5459.47,2194.07,LAYER_2,BOTTOM_LAYER,0.00133561,0.00133561,-0
5459.47,2335.8,TOP_LAYER,LAYER_1,0.00133223,0.00133221,0.000179658
5459.47,2335.8,LAYER_1,LAYER_2,0.00133221,0.00133206,0.000179658
5459.47,2335.8,LAYER_2,BOTTOM_LAYER,0.00133206,0.00133206,-0
5459.47,2477.53,TOP_LAYER,LAYER_1,0.00132981,0.00132981,2.58722e-05
5459.47,2477.53,LAYER_1,LAYER_2,0.00132981,0.00132978,2.58722e-05
5459.47,2477.53,LAYER_2,BOTTOM_LAYER,0.00132978,0.00132978,-0
5494.91,1839.73,TOP_LAYER,LAYER_1,0.00135031,0.00135031,-0
5494.91,1839.73,LAYER_1,LAYER_2,0.00135031,0.00135031,-7.97861e-16
5494.91,1839.73,LAYER_2,BOTTOM_LAYER,0.00135031,0.00135031,-0
5494.91,2264.93,TOP_LAYER,LAYER_1,0.00133297,0.00133307,-0.000676393
5494.91,2264.93,LAYER_1,LAYER_2,0.00133307,0.00133362,-0.000676393
5494.91,2264.93,LAYER_2,BOTTOM_LAYER,0.00133362,0.00133362,-0
5494.91,2406.66,TOP_LAYER,LAYER_1,0.00133104,0.00133106,-0.000148303
5494.91,2406.66,LAYER_1,LAYER_2,0.00133106,0.00133118,-0.000148303
5494.91,2406.66,LAYER_2,BOTTOM_LAYER,0.00133118,0.00133118,2.91711e-15
5494.91,2548.4,TOP_LAYER,LAYER_1,0.00132892,0.00132891,5.11136e-05
5494.91,2548.4,LAYER_1,LAYER_2,0.00132891,0.00132887,5.11136e-05
5494.91,2548.4,LAYER_2,BOTTOM_LAYER,0.00132887,0.00132887,-0
5530.34,1910.6,TOP_LAYER,LAYER_1,0.00134485,0.00134485,-0
5530.34,1910.6,LAYER_1,LAYER_2,0.00134485,0.00134485,-7.97861e-16
5530.34,1910.6,LAYER_2,BOTTOM_LAYER,0.00134485,0.00134485,-0
5530.34,2194.07,TOP_LAYER,LAYER_1,0.00133358,0.00133384,-0.00174441
5530.34,2194.07,LAYER_1,LAYER_2,0.00133384,0.00133526,-0.00174441
5530.34,2194.07,LAYER_2,BOTTOM_LAYER,0.00133526,0.00133526,-0
5530.34,2335.8,TOP_LAYER,LAYER_1,0.00133179,0.00133176,0.000164871
5530.34,2335.8,LAYER_1,LAYER_2,0.00133176,0.00133163,0.000164871
5530.34,2335.8,LAYER_2,BOTTOM_LAYER,0.00133163,0.00133163,-0
5530.34,2477.53,TOP_LAYER,LAYER_1,0.00132911,0.00132909,0.000140879
5530.34,2477.53,LAYER_1,LAYER_2,0.00132909,0.00132898,0.000140879
5530.34,2477.53,LAYER_2,BOTTOM_LAYER,0.00132898,0.00132898,-0
5565.77,1839.73,TOP_LAYER,LAYER_1,0.00134512,0.00134512,-0
5565.77,1839.73,LAYER_1,LAYER_2,0.00134512,0.00134512,-7.97861e-16
5565.77,1839.73,LAYER_2,BOTTOM_LAYER,0.00134512,0.00134512,-0
5565.77,2264.93,TOP_LAYER,LAYER_1,0.00133206,0.00133221,-0.000998108
5565.77,2264.93,LAYER_1,LAYER_2,0.00133221,0.00133302,-0.000998108
5565.77,2264.93,LAYER_2,BOTTOM_LAYER,0.00133302,0.00133302,-0
5565.77,2406.66,TOP_LAYER,LAYER_1,0.00133006,0.00133006,2.41433e-05
5565.77,2406.66,LAYER_1,LAYER_2,0.00133006,0.00133004,2.41433e-05
5565.77,2406.66,LAYER_2,BOTTOM_LAYER,0.00133004,0.00133004,-0
5565.77,2548.4,TOP_LAYER,LAYER_1,0.00132696,0.00132693,0.000179298
5565.77,2548.4,LAYER_1,LAYER_2,0.00132693,0.00132678,0.000179298
5565.77,2548.4,LAYER_2,BOTTOM_LAYER,0.00132678,0.00132678,-0
5601.21,1910.6,TOP_LAYER,LAYER_1,0.00134104,0.00134104,-1.45856e-15
5601.21,1910.6,LAYER_1,LAYER_2,0.00134104,0.00134104,-5.31907e-16
5601.21,1910.6,LAYER_2,BOTTOM_LAYER,0.00134104,0.00134104,-0
5601.21,2194.07,TOP_LAYER,LAYER_1,0.00133239,0.00133275,-0.00242029
5601.21,2194.07,LAYER_1,LAYER_2,0.00133275,0.00133472,-0.00242029
5601.21,2194.07,LAYER_2,BOTTOM_LAYER,0.00133472,0.00133472,-0
5601.21,2335.8,TOP_LAYER,LAYER_1,0.00133094,0.00133093,4.82059e-05
5601.21,2335.8,LAYER_1,LAYER_2,0.00133093,0.00133089,4.82059e-05
5601.21,2335.8,LAYER_2,BOTTOM_LAYER,0.00133089,0.00133089,2.91711e-15
5601.21,2477.53,TOP_LAYER,LAYER_1,0.00132758,0.00132746,0.00081049
5601.21,2477.53,LAYER_1,LAYER_2,0.00132746,0.0013268,0.00081049
5601.21,2477.53,LAYER_2,BOTTOM_LAYER,0.0013268,0.0013268,-0
5636.64,1839.73,TOP_LAYER,LAYER_1,0.0013372,0.0013372,-0
5636.64,1839.73,LAYER_1,LAYER_2,0.0013372,0.0013372,-7.97861e-16
5636.64,1839.73,LAYER_2,BOTTOM_LAYER,0.0013372,0.0013372,-0
5636.64,2548.4,TOP_LAYER,LAYER_1,0.00132397,0.00132395,0.000182015
5636.64,2548.4,LAYER_1,LAYER_2,0.00132395,0.0013238,0.000182015
5636.64,2548.4,LAYER_2,BOTTOM_LAYER,0.0013238,0.0013238,-0
5673.06,2412.57,TOP_LAYER,LAYER_1,11.9696,11.9696,-0
5673.06,2412.57,LAYER_1,LAYER_2,11.9696,11.9696,-2.17869e-12
5673.06,2412.57,LAYER_2,BOTTOM_LAYER,11.9696,11.9696,-0
5707.5,2548.4,TOP_LAYER,LAYER_1,0.00131971,0.00131974,-0.000177497
5707.5,2548.4,LAYER_1,LAYER_2,0.00131974,0.00131988,-0.000177497
5707.5,2548.4,LAYER_2,BOTTOM_LAYER,0.00131988,0.00131988,-0
5718.34,2198,TOP_LAYER,LAYER_1,0.00132945,0.0013293,0.000956966
5718.34,2198,LAYER_1,LAYER_2,0.0013293,0.00132852,0.000956966
5718.34,2198,LAYER_2,BOTTOM_LAYER,0.00132852,0.00132852,-0
5719.32,2222.61,TOP_LAYER,LAYER_1,0.0013294,0.00132918,0.00150973
5719.32,2222.61,LAYER_1,LAYER_2,0.00132918,0.00132795,0.00150973
5719.32,2222.61,LAYER_2,BOTTOM_LAYER,0.00132795,0.00132795,-0
5734.08,1939.15,TOP_LAYER,LAYER_1,11.8073,11.8073,-0
5734.08,1939.15,LAYER_1,LAYER_2,11.8073,11.8073,8.71476e-12
5734.08,1939.15,LAYER_2,BOTTOM_LAYER,11.8073,11.8073,1.19485e-11
5735.07,1968.67,TOP_LAYER,LAYER_1,11.8073,11.8073,1.19485e-11
5735.07,1968.67,LAYER_1,LAYER_2,11.8073,11.8073,8.71476e-12
5735.07,1968.67,LAYER_2,BOTTOM_LAYER,11.8073,11.8073,-0
5737.04,1765.67,TOP_LAYER,LAYER_1,11.8073,11.8073,0.00581189
5737.04,1765.67,LAYER_1,LAYER_2,11.8073,11.8073,0.00581189
5737.04,1765.67,LAYER_2,BOTTOM_LAYER,11.8073,11.8073,0.00581189
5750.82,2197.02,TOP_LAYER,LAYER_1,0.00132907,0.00132894,0.000841311
5750.82,2197.02,LAYER_1,LAYER_2,0.00132894,0.00132826,0.000841311
5750.82,2197.02,LAYER_2,BOTTOM_LAYER,0.00132826,0.00132826,-0
5751.8,2221.63,TOP_LAYER,LAYER_1,0.00132895,0.00132875,0.00134669
5751.8,2221.63,LAYER_1,LAYER_2,0.00132875,0.00132765,0.00134669
5751.8,2221.63,LAYER_2,BOTTOM_LAYER,0.00132765,0.00132765,-0
5759.67,1746.97,TOP_LAYER,LAYER_1,11.8073,11.8073,0.0049192
5759.67,1746.97,LAYER_1,LAYER_2,11.8073,11.8073,0.0049192
5759.67,1746.97,LAYER_2,BOTTOM_LAYER,11.8073,11.8073,0.0049192
5778.37,1414.54,TOP_LAYER,LAYER_1,0.00135153,0.00135538,-0.0259144
5778.37,1414.54,LAYER_1,LAYER_2,0.00135538,0.00137651,-0.0259144
5778.37,1414.54,LAYER_2,BOTTOM_LAYER,0.00137651,0.00137651,-0
5778.37,2548.4,TOP_LAYER,LAYER_1,0.00131521,0.00131525,-0.000280512
5778.37,2548.4,LAYER_1,LAYER_2,0.00131525,0.00131548,-0.000280512
5778.37,2548.4,LAYER_2,BOTTOM_LAYER,0.00131548,0.00131548,-0
5780.34,1937.92,TOP_LAYER,LAYER_1,11.8073,11.8073,1.19485e-11
5780.34,1937.92,LAYER_1,LAYER_2,11.8073,11.8073,6.53607e-12
5780.34,1937.92,LAYER_2,BOTTOM_LAYER,11.8073,11.8073,1.19485e-11
5780.34,1968.43,TOP_LAYER,LAYER_1,11.8073,11.8073,-0
5780.34,1968.43,LAYER_1,LAYER_2,11.8073,11.8073,-2.17869e-12
5780.34,1968.43,LAYER_2,BOTTOM_LAYER,11.8073,11.8073,-0
5782.31,1765.67,TOP_LAYER,LAYER_1,11.8072,11.8072,-0.0107311
5782.31,1765.67,LAYER_1,LAYER_2,11.8072,11.8073,-0.0107311
5782.31,1765.67,LAYER_2,BOTTOM_LAYER,11.8073,11.8073,-0.0107311
5841.3,1130.36,TOP_LAYER,LAYER_1,11.8016,11.8016,-0
5841.3,1130.36,LAYER_1,LAYER_2,11.8016,11.8016,-1.29395e-11
5841.3,1130.36,LAYER_2,BOTTOM_LAYER,11.8016,11.8016,7.09633e-11
5831.52,2609.42,TOP_LAYER,LAYER_1,0.00131252,0.00131254,-0.000127691
5831.52,2609.42,LAYER_1,LAYER_2,0.00131254,0.00131264,-0.000127691
5831.52,2609.42,LAYER_2,BOTTOM_LAYER,0.00131264,0.00131264,-0
5849.24,1556.27,TOP_LAYER,LAYER_1,0.00130823,0.00131009,-0.0124959
5849.24,1556.27,LAYER_1,LAYER_2,0.00131009,0.00132028,-0.0124959
5849.24,1556.27,LAYER_2,BOTTOM_LAYER,0.00132028,0.00132028,-0
5862.04,2228.52,TOP_LAYER,LAYER_1,11.9665,11.9666,-0.526157
5862.04,2228.52,LAYER_1,LAYER_2,11.9666,11.967,-0.526157
5862.04,2228.52,LAYER_2,BOTTOM_LAYER,11.967,11.967,-0.202566
5862.04,2249.18,TOP_LAYER,LAYER_1,11.9666,11.9666,-0.290083
5862.04,2249.18,LAYER_1,LAYER_2,11.9666,11.9669,-0.290083
5862.04,2249.18,LAYER_2,BOTTOM_LAYER,11.9669,11.9669,-0.158411
5863.02,2207.85,TOP_LAYER,LAYER_1,11.966,11.9662,-1.39433
5863.02,2207.85,LAYER_1,LAYER_2,11.9662,11.9673,-1.39433
5863.02,2207.85,LAYER_2,BOTTOM_LAYER,11.9673,11.9674,-0.28616
5884.67,1343.67,TOP_LAYER,LAYER_1,0.00138517,0.00138867,-0.0235561
5884.67,1343.67,LAYER_1,LAYER_2,0.00138867,0.00140787,-0.0235561
5884.67,1343.67,LAYER_2,BOTTOM_LAYER,0.00140787,0.00140787,-0
5885.66,2207.85,TOP_LAYER,LAYER_1,11.966,11.9662,-1.20854
5885.66,2207.85,LAYER_1,LAYER_2,11.9662,11.9672,-1.20854
5885.66,2207.85,LAYER_2,BOTTOM_LAYER,11.9672,11.9673,-1.0023
5885.66,2233.44,TOP_LAYER,LAYER_1,11.9665,11.9665,-0.479308
5885.66,2233.44,LAYER_1,LAYER_2,11.9665,11.9669,-0.479308
5885.66,2233.44,LAYER_2,BOTTOM_LAYER,11.9669,11.967,-0.382667
5899.85,2364.92,TOP_LAYER,LAYER_1,11.9073,11.9073,-3.70113e-11
5899.85,2364.92,LAYER_1,LAYER_2,11.9073,11.9073,-3.0369e-11
5899.85,2364.92,LAYER_2,BOTTOM_LAYER,11.9073,11.9073,-1.85057e-11
5909.28,2206.86,TOP_LAYER,LAYER_1,11.9658,11.966,-1.39663
5909.28,2206.86,LAYER_1,LAYER_2,11.966,11.9672,-1.39663
5909.28,2206.86,LAYER_2,BOTTOM_LAYER,11.9672,11.9672,0.00203677
5909.28,2227.53,TOP_LAYER,LAYER_1,11.9665,11.9665,-0.479805
5909.28,2227.53,LAYER_1,LAYER_2,11.9665,11.9669,-0.479805
5909.28,2227.53,LAYER_2,BOTTOM_LAYER,11.9669,11.967,-0.300646
5909.28,2249.18,TOP_LAYER,LAYER_1,11.9667,11.9667,-0.225152
5909.28,2249.18,LAYER_1,LAYER_2,11.9667,11.9669,-0.225152
5909.28,2249.18,LAYER_2,BOTTOM_LAYER,11.9669,11.9669,-0.134359
5920.1,1272.81,TOP_LAYER,LAYER_1,0.00152638,0.00151393,0.0837865
5920.1,1272.81,LAYER_1,LAYER_2,0.00151393,0.00144561,0.0837865
5920.1,1272.81,LAYER_2,BOTTOM_LAYER,0.00144561,0.00144561,-0
5920.1,1556.27,TOP_LAYER,LAYER_1,0.00129002,0.001291,-0.00656306
5920.1,1556.27,LAYER_1,LAYER_2,0.001291,0.00129635,-0.00656306
5920.1,1556.27,LAYER_2,BOTTOM_LAYER,0.00129635,0.00129635,-0
5920.1,1698,TOP_LAYER,LAYER_1,0.00127069,0.00127277,-0.0139853
5920.1,1698,LAYER_1,LAYER_2,0.00127277,0.00128418,-0.0139853
5920.1,1698,LAYER_2,BOTTOM_LAYER,0.00128418,0.00128418,1.45856e-15
5941.3,1130.36,TOP_LAYER,LAYER_1,0.00264211,0.00257825,2.55078
5941.3,1130.36,LAYER_1,LAYER_2,0.00257825,0.00222808,2.55078
5941.3,1130.36,LAYER_2,BOTTOM_LAYER,0.00222808,0.00222808,-0
5935.28,2449.56,TOP_LAYER,LAYER_1,11.9073,11.9073,-0
5935.28,2449.56,LAYER_1,LAYER_2,11.9073,11.9073,1.68716e-11
5935.28,2449.56,LAYER_2,BOTTOM_LAYER,11.9073,11.9073,1.85057e-11
5955.54,1060.21,TOP_LAYER,LAYER_1,0.00167702,0.00166501,0.0808144
5955.54,1060.21,LAYER_1,LAYER_2,0.00166501,0.00159912,0.0808144
5955.54,1060.21,LAYER_2,BOTTOM_LAYER,0.00159912,0.00159912,-0
5955.54,1201.94,TOP_LAYER,LAYER_1,0.00156538,0.00155695,0.0567202
5955.54,1201.94,LAYER_1,LAYER_2,0.00155695,0.00151071,0.0567202
5955.54,1201.94,LAYER_2,BOTTOM_LAYER,0.00151071,0.00151071,-0
5955.54,1343.67,TOP_LAYER,LAYER_1,0.00134304,0.00134421,-0.00788215
5955.54,1343.67,LAYER_1,LAYER_2,0.00134421,0.00135064,-0.00788215
5955.54,1343.67,LAYER_2,BOTTOM_LAYER,0.00135064,0.00135064,-0
5955.54,1627.14,TOP_LAYER,LAYER_1,0.00127038,0.00127133,-0.00639352
5955.54,1627.14,LAYER_1,LAYER_2,0.00127133,0.00127655,-0.00639352
5955.54,1627.14,LAYER_2,BOTTOM_LAYER,0.00127655,0.00127655,-0
5963.41,2076.94,TOP_LAYER,LAYER_1,11.9068,11.9068,-0.206477
5963.41,2076.94,LAYER_1,LAYER_2,11.9068,11.907,-0.206477
5963.41,2076.94,LAYER_2,BOTTOM_LAYER,11.907,11.907,-0.206477
5971.29,2143.87,TOP_LAYER,LAYER_1,11.9075,11.9075,0.17388
5971.29,2143.87,LAYER_1,LAYER_2,11.9075,11.9073,0.17388
5971.29,2143.87,LAYER_2,BOTTOM_LAYER,11.9073,11.9073,0.17388
5972.27,2099.58,TOP_LAYER,LAYER_1,11.9072,11.9072,0.0862766
5972.27,2099.58,LAYER_1,LAYER_2,11.9072,11.9071,0.0862766
5972.27,2099.58,LAYER_2,BOTTOM_LAYER,11.9071,11.9071,0.0862766
5983.1,2121.23,TOP_LAYER,LAYER_1,11.907,11.907,-0.0536792
5983.1,2121.23,LAYER_1,LAYER_2,11.907,11.9071,-0.0536792
5983.1,2121.23,LAYER_2,BOTTOM_LAYER,11.9071,11.9071,-0.0536792
5985.07,2374.18,TOP_LAYER,LAYER_1,0.00129554,0.00129538,0.00105444
5985.07,2374.18,LAYER_1,LAYER_2,0.00129538,0.00129452,0.00105444
5985.07,2374.18,LAYER_2,BOTTOM_LAYER,0.00129452,0.00129452,-0
5990.97,1131.07,TOP_LAYER,LAYER_1,0.00147562,0.00146941,0.041719
5990.97,1131.07,LAYER_1,LAYER_2,0.00146941,0.0014354,0.041719
5990.97,1131.07,LAYER_2,BOTTOM_LAYER,0.0014354,0.0014354,-0
5990.97,1272.81,TOP_LAYER,LAYER_1,0.00133837,0.00133536,0.0201905
5990.97,1272.81,LAYER_1,LAYER_2,0.00133536,0.0013189,0.0201905
5990.97,1272.81,LAYER_2,BOTTOM_LAYER,0.0013189,0.0013189,-0
5990.97,1414.54,TOP_LAYER,LAYER_1,0.00127558,0.00127668,-0.00742462
5990.97,1414.54,LAYER_1,LAYER_2,0.00127668,0.00128273,-0.00742462
5990.97,1414.54,LAYER_2,BOTTOM_LAYER,0.00128273,0.00128273,-0
5990.97,1556.27,TOP_LAYER,LAYER_1,0.0012651,0.00126574,-0.00425591
5990.97,1556.27,LAYER_1,LAYER_2,0.00126574,0.00126921,-0.00425591
5990.97,1556.27,LAYER_2,BOTTOM_LAYER,0.00126921,0.00126921,-0
5990.97,1698,TOP_LAYER,LAYER_1,0.00125798,0.00125907,-0.00738451
5990.97,1698,LAYER_1,LAYER_2,0.00125907,0.00126509,-0.00738451
5990.97,1698,LAYER_2,BOTTOM_LAYER,0.00126509,0.00126509,-0
6009.67,2258.04,TOP_LAYER,LAYER_1,11.9073,11.9073,-2.43271e-05
6009.67,2258.04,LAYER_1,LAYER_2,11.9073,11.9073,-2.43271e-05
6009.67,2258.04,LAYER_2,BOTTOM_LAYER,11.9073,11.9073,-2.43271e-05
6021.48,2277.73,TOP_LAYER,LAYER_1,11.9073,11.9073,1.14096e-07
6021.48,2277.73,LAYER_1,LAYER_2,11.9073,11.9073,1.14089e-07
6021.48,2277.73,LAYER_2,BOTTOM_LAYER,11.9073,11.9073,1.14096e-07
6022.47,2240.33,TOP_LAYER,LAYER_1,11.9073,11.9073,2.4213e-05
6022.47,2240.33,LAYER_1,LAYER_2,11.9073,11.9073,2.4213e-05
6022.47,2240.33,LAYER_2,BOTTOM_LAYER,11.9073,11.9073,2.4213e-05
6026.4,1060.21,TOP_LAYER,LAYER_1,0.00116436,0.00117002,-0.038064
6026.4,1060.21,LAYER_1,LAYER_2,0.00117002,0.00120105,-0.038064
6026.4,1060.21,LAYER_2,BOTTOM_LAYER,0.00120105,0.00120105,-0
6026.4,1201.94,TOP_LAYER,LAYER_1,0.00119223,0.00119497,-0.0184032
6026.4,1201.94,LAYER_1,LAYER_2,0.00119497,0.00120997,-0.0184032
6026.4,1201.94,LAYER_2,BOTTOM_LAYER,0.00120997,0.00120997,-1.45856e-15
6026.4,1343.67,TOP_LAYER,LAYER_1,0.0012377,0.00123886,-0.00780522
6026.4,1343.67,LAYER_1,LAYER_2,0.00123886,0.00124522,-0.00780522
6026.4,1343.67,LAYER_2,BOTTOM_LAYER,0.00124522,0.00124522,-0
6026.4,1485.4,TOP_LAYER,LAYER_1,0.00124966,0.00125047,-0.00545298
6026.4,1485.4,LAYER_1,LAYER_2,0.00125047,0.00125491,-0.00545298
6026.4,1485.4,LAYER_2,BOTTOM_LAYER,0.00125491,0.00125491,-0
6026.4,1627.14,TOP_LAYER,LAYER_1,0.00125153,0.00125217,-0.00434533
6026.4,1627.14,LAYER_1,LAYER_2,0.00125217,0.00125571,-0.00434533
6026.4,1627.14,LAYER_2,BOTTOM_LAYER,0.00125571,0.00125571,-0
6061.84,1131.07,TOP_LAYER,LAYER_1,0.000720348,0.000740579,-0.136085
6061.84,1131.07,LAYER_1,LAYER_2,0.000740579,0.000851534,-0.136085
6061.84,1131.07,LAYER_2,BOTTOM_LAYER,0.000851534,0.000851534,-0
6061.84,1272.81,TOP_LAYER,LAYER_1,0.00110731,0.00111571,-0.0565361
6061.84,1272.81,LAYER_1,LAYER_2,0.00111571,0.00116181,-0.0565361
6061.84,1272.81,LAYER_2,BOTTOM_LAYER,0.00116181,0.00116181,-0
6061.84,1556.27,TOP_LAYER,LAYER_1,0.00123656,0.00123741,-0.00573026
6061.84,1556.27,LAYER_1,LAYER_2,0.00123741,0.00124208,-0.00573026
6061.84,1556.27,LAYER_2,BOTTOM_LAYER,0.00124208,0.00124208,-0
6061.84,1698,TOP_LAYER,LAYER_1,0.00124373,0.00124432,-0.00399919
6061.84,1698,LAYER_1,LAYER_2,0.00124432,0.00124758,-0.00399919
6061.84,1698,LAYER_2,BOTTOM_LAYER,0.00124758,0.00124758,-0
6097.27,1060.21,TOP_LAYER,LAYER_1,0.000897079,0.000896921,0.00106635
6097.27,1060.21,LAYER_1,LAYER_2,0.000896921,0.000896051,0.00106635
6097.27,1060.21,LAYER_2,BOTTOM_LAYER,0.000896051,0.000896051,-0
6097.27,1343.67,TOP_LAYER,LAYER_1,0.00118072,0.00117742,0.0222294
6097.27,1343.67,LAYER_1,LAYER_2,0.00117742,0.00115929,0.0222294
6097.27,1343.67,LAYER_2,BOTTOM_LAYER,0.00115929,0.00115929,-0
6097.27,1485.4,TOP_LAYER,LAYER_1,0.00123039,0.00122905,0.00903656
6097.27,1485.4,LAYER_1,LAYER_2,0.00122905,0.00122168,0.00903656
6097.27,1485.4,LAYER_2,BOTTOM_LAYER,0.00122168,0.00122168,-0
6097.27,1627.14,TOP_LAYER,LAYER_1,0.00124081,0.00124037,0.00291346
6097.27,1627.14,LAYER_1,LAYER_2,0.00124037,0.001238,0.00291346
6097.27,1627.14,LAYER_2,BOTTOM_LAYER,0.001238,0.001238,-0
6125.55,1130.36,TOP_LAYER,LAYER_1,0,6.10663e-05,-2.43953
6125.55,1130.36,LAYER_1,LAYER_2,6.10663e-05,0.000395969,-2.43953
6125.55,1130.36,LAYER_2,BOTTOM_LAYER,0.000395969,0.000395969,-0
6132.7,1272.81,TOP_LAYER,LAYER_1,0.00102145,0.00103073,-0.0624108
6132.7,1272.81,LAYER_1,LAYER_2,0.00103073,0.00108161,-0.0624108
6132.7,1272.81,LAYER_2,BOTTOM_LAYER,0.00108161,0.00108161,-0
6132.7,1556.27,TOP_LAYER,LAYER_1,0.00122276,0.0012223,0.00303581
6132.7,1556.27,LAYER_1,LAYER_2,0.0012223,0.00121983,0.00303581
6132.7,1556.27,LAYER_2,BOTTOM_LAYER,0.00121983,0.00121983,-0
6132.7,1698,TOP_LAYER,LAYER_1,0.00123625,0.00123569,0.00372789
6132.7,1698,LAYER_1,LAYER_2,0.00123569,0.00123265,0.00372789
6132.7,1698,LAYER_2,BOTTOM_LAYER,0.00123265,0.00123265,-0
6132.7,2548.4,TOP_LAYER,LAYER_1,0.00128871,0.00128885,-0.000945901
6132.7,2548.4,LAYER_1,LAYER_2,0.00128885,0.00128962,-0.000945901
6132.7,2548.4,LAYER_2,BOTTOM_LAYER,0.00128962,0.00128962,-0
6163.22,2605.48,TOP_LAYER,LAYER_1,0.00128895,0.00128902,-0.000497092
6163.22,2605.48,LAYER_1,LAYER_2,0.00128902,0.00128943,-0.000497092
6163.22,2605.48,LAYER_2,BOTTOM_LAYER,0.00128943,0.00128943,-0
6168.13,1343.67,TOP_LAYER,LAYER_1,0.00111898,0.00111876,0.00150652
6168.13,1343.67,LAYER_1,LAYER_2,0.00111876,0.00111753,0.00150652
6168.13,1343.67,LAYER_2,BOTTOM_LAYER,0.00111753,0.00111753,-0
6168.13,1627.14,TOP_LAYER,LAYER_1,0.00122371,0.00122329,0.00282242
6168.13,1627.14,LAYER_1,LAYER_2,0.00122329,0.00122099,0.00282242
6168.13,1627.14,LAYER_2,BOTTOM_LAYER,0.00122099,0.00122099,-0
6203.57,1272.81,TOP_LAYER,LAYER_1,0.00107344,0.00107478,-0.00898062
6203.57,1272.81,LAYER_1,LAYER_2,0.00107478,0.0010821,-0.00898062
6203.57,1272.81,LAYER_2,BOTTOM_LAYER,0.0010821,0.0010821,1.45856e-15
6203.57,1556.27,TOP_LAYER,LAYER_1,0.00120469,0.0012053,-0.00408626
6203.57,1556.27,LAYER_1,LAYER_2,0.0012053,0.00120863,-0.00408626
6203.57,1556.27,LAYER_2,BOTTOM_LAYER,0.00120863,0.00120863,-0
6203.57,1698,TOP_LAYER,LAYER_1,0.00122606,0.00122586,0.00132149
6203.57,1698,LAYER_1,LAYER_2,0.00122586,0.00122478,0.00132149
6203.57,1698,LAYER_2,BOTTOM_LAYER,0.00122478,0.00122478,-0
6225.55,1130.36,TOP_LAYER,LAYER_1,11.994,11.994,-7.09633e-11
6225.55,1130.36,LAYER_1,LAYER_2,11.994,11.994,-3.88184e-11
6225.55,1130.36,LAYER_2,BOTTOM_LAYER,11.994,11.994,-0
6239,1343.67,TOP_LAYER,LAYER_1,0.00111601,0.00111562,0.00260883
6239,1343.67,LAYER_1,LAYER_2,0.00111562,0.0011135,0.00260883
6239,1343.67,LAYER_2,BOTTOM_LAYER,0.0011135,0.0011135,-0
6239,1627.14,TOP_LAYER,LAYER_1,0.00121283,0.00121285,-0.000161374
6239,1627.14,LAYER_1,LAYER_2,0.00121285,0.00121298,-0.000161374
6239,1627.14,LAYER_2,BOTTOM_LAYER,0.00121298,0.00121298,-0
6262.63,2001.15,TOP_LAYER,LAYER_1,11.977,11.9768,0.993915
6262.63,2001.15,LAYER_1,LAYER_2,11.9768,11.976,0.993915
6262.63,2001.15,LAYER_2,BOTTOM_LAYER,11.976,11.9757,1.9326
6262.63,2436.19,TOP_LAYER,LAYER_1,11.9755,11.9755,-0.00683825
6262.63,2436.19,LAYER_1,LAYER_2,11.9755,11.9755,-0.00683825
6262.63,2436.19,LAYER_2,BOTTOM_LAYER,11.9755,11.9755,0.124627
6264.59,2473.59,TOP_LAYER,LAYER_1,11.9755,11.9755,0.000328848
6264.59,2473.59,LAYER_1,LAYER_2,11.9755,11.9755,0.000328848
6264.59,2473.59,LAYER_2,BOTTOM_LAYER,11.9755,11.9755,0.024541
6274.43,1556.27,TOP_LAYER,LAYER_1,0.00119346,0.00119336,0.000657669
6274.43,1556.27,LAYER_1,LAYER_2,0.00119336,0.00119283,0.000657669
6274.43,1556.27,LAYER_2,BOTTOM_LAYER,0.00119283,0.00119283,-0
6274.43,1698,TOP_LAYER,LAYER_1,0.00121884,0.00121777,0.00721856
6274.43,1698,LAYER_1,LAYER_2,0.00121777,0.00121188,0.00721856
6274.43,1698,LAYER_2,BOTTOM_LAYER,0.00121188,0.00121188,-0
6279.36,2251.15,TOP_LAYER,LAYER_1,0.00124156,0.00124156,-0
6279.36,2251.15,LAYER_1,LAYER_2,0.00124156,0.00124156,1.06381e-15
6279.36,2251.15,LAYER_2,BOTTOM_LAYER,0.00124156,0.00124156,-0
6292.15,2001.15,TOP_LAYER,LAYER_1,11.9773,11.9771,1.29948
6292.15,2001.15,LAYER_1,LAYER_2,11.9771,11.976,1.29948
6292.15,2001.15,LAYER_2,BOTTOM_LAYER,11.976,11.976,-0
6299.04,2435.21,TOP_LAYER,LAYER_1,11.9755,11.9755,0.000892093
6299.04,2435.21,LAYER_1,LAYER_2,11.9755,11.9755,0.000892093
6299.04,2435.21,LAYER_2,BOTTOM_LAYER,11.9755,11.9755,0.110974
6300.03,2472.61,TOP_LAYER,LAYER_1,11.9755,11.9755,0.00302763
6300.03,2472.61,LAYER_1,LAYER_2,11.9755,11.9755,0.00302763
6300.03,2472.61,LAYER_2,BOTTOM_LAYER,11.9755,11.9755,0.0280556
6309.87,1485.4,TOP_LAYER,LAYER_1,0.00117858,0.00117719,0.0093677
6309.87,1485.4,LAYER_1,LAYER_2,0.00117719,0.00116955,0.0093677
6309.87,1485.4,LAYER_2,BOTTOM_LAYER,0.00116955,0.00116955,-0
6309.87,1627.14,TOP_LAYER,LAYER_1,0.00120638,0.0012055,0.00591608
6309.87,1627.14,LAYER_1,LAYER_2,0.0012055,0.00120067,0.00591608
6309.87,1627.14,LAYER_2,BOTTOM_LAYER,0.00120067,0.00120067,-1.45856e-15
6323.65,2001.15,TOP_LAYER,LAYER_1,11.9776,11.9775,1.09658
6323.65,2001.15,LAYER_1,LAYER_2,11.9775,11.9766,1.09658
6323.65,2001.15,LAYER_2,BOTTOM_LAYER,11.9766,11.9766,-0
6332.51,2434.22,TOP_LAYER,LAYER_1,11.9755,11.9755,0.00028179
6332.51,2434.22,LAYER_1,LAYER_2,11.9755,11.9755,0.00028179
6332.51,2434.22,LAYER_2,BOTTOM_LAYER,11.9755,11.9755,0.170563
6332.51,2471.63,TOP_LAYER,LAYER_1,11.9755,11.9755,0.00230788
6332.51,2471.63,LAYER_1,LAYER_2,11.9755,11.9755,0.00230788
6332.51,2471.63,LAYER_2,BOTTOM_LAYER,11.9755,11.9755,0.0737166
6355.15,2000.17,TOP_LAYER,LAYER_1,11.9782,11.978,1.37996
6355.15,2000.17,LAYER_1,LAYER_2,11.978,11.9769,1.37996
6355.15,2000.17,LAYER_2,BOTTOM_LAYER,11.9769,11.9769,-0
6388.61,2001.15,TOP_LAYER,LAYER_1,11.9783,11.9781,1.23006
6388.61,2001.15,LAYER_1,LAYER_2,11.9781,11.9771,1.23006
6388.61,2001.15,LAYER_2,BOTTOM_LAYER,11.9771,11.9771,-0
6437.82,2215.72,TOP_LAYER,LAYER_1,0.00123875,0.0012383,0.00300079
6437.82,2215.72,LAYER_1,LAYER_2,0.0012383,0.00123586,0.00300079
6437.82,2215.72,LAYER_2,BOTTOM_LAYER,0.00123586,0.00123586,-0
6487.03,2264.93,TOP_LAYER,LAYER_1,0.0012401,0.00123985,0.00172229
6487.03,2264.93,LAYER_1,LAYER_2,0.00123985,0.00123844,0.00172229
6487.03,2264.93,LAYER_2,BOTTOM_LAYER,0.00123844,0.00123844,-0
6487.03,2406.66,TOP_LAYER,LAYER_1,0.00124527,0.00124526,0.000110461
6487.03,2406.66,LAYER_1,LAYER_2,0.00124526,0.00124517,0.000110461
6487.03,2406.66,LAYER_2,BOTTOM_LAYER,0.00124517,0.00124517,-0
6522.47,2335.8,TOP_LAYER,LAYER_1,0.0012428,0.00124273,0.000434197
6522.47,2335.8,LAYER_1,LAYER_2,0.00124273,0.00124238,0.000434197
6522.47,2335.8,LAYER_2,BOTTOM_LAYER,0.00124238,0.00124238,-0
6527.39,2001.89,TOP_LAYER,LAYER_1,11.8073,11.8073,-7.04961e-10
6527.39,2001.89,LAYER_1,LAYER_2,11.8073,11.8073,-7.08075e-10
6527.39,2001.89,LAYER_2,BOTTOM_LAYER,11.8073,11.8073,-7.04961e-10
6557.9,2264.93,TOP_LAYER,LAYER_1,0.00124121,0.00124078,0.00290577
6557.9,2264.93,LAYER_1,LAYER_2,0.00124078,0.00123841,0.00290577
6557.9,2264.93,LAYER_2,BOTTOM_LAYER,0.00123841,0.00123841,-0
6557.9,2001.15,TOP_LAYER,LAYER_1,11.8073,11.8073,2.98712e-10
6557.9,2001.15,LAYER_1,LAYER_2,11.8073,11.8073,2.91945e-10
6557.9,2001.15,LAYER_2,BOTTOM_LAYER,11.8073,11.8073,2.98712e-10
6569.62,1876.44,TOP_LAYER,LAYER_1,0.00120291,0.00120262,0.00192485
6569.62,1876.44,LAYER_1,LAYER_2,0.00120262,0.00120105,0.00192485
6569.62,1876.44,LAYER_2,BOTTOM_LAYER,0.00120105,0.00120105,-0
6589.4,2000.91,TOP_LAYER,LAYER_1,11.8073,11.8073,2.03124e-10
6589.4,2000.91,LAYER_1,LAYER_2,11.8073,11.8073,1.91725e-10
6589.4,2000.91,LAYER_2,BOTTOM_LAYER,11.8073,11.8073,1.79227e-10
6593.33,2335.8,TOP_LAYER,LAYER_1,0.00124241,0.00124236,0.000345383
6593.33,2335.8,LAYER_1,LAYER_2,0.00124236,0.00124208,0.000345383
6593.33,2335.8,LAYER_2,BOTTOM_LAYER,0.00124208,0.00124208,-0
6594.22,1900.06,TOP_LAYER,LAYER_1,0.00120338,0.00120341,-0.000185632
6594.22,1900.06,LAYER_1,LAYER_2,0.00120341,0.00120356,-0.000185632
6594.22,1900.06,LAYER_2,BOTTOM_LAYER,0.00120356,0.00120356,-0
6619.91,2000.91,TOP_LAYER,LAYER_1,11.8073,11.8073,1.67279e-10
6619.91,2000.91,LAYER_1,LAYER_2,11.8073,11.8073,1.61223e-10
6619.91,2000.91,LAYER_2,BOTTOM_LAYER,11.8073,11.8073,1.43382e-10
6620.8,1926.63,TOP_LAYER,LAYER_1,0.00120385,0.00120378,0.000447661
6620.8,1926.63,LAYER_1,LAYER_2,0.00120378,0.00120341,0.000447661
6620.8,1926.63,LAYER_2,BOTTOM_LAYER,0.00120341,0.00120341,-0
6628.76,1839.73,TOP_LAYER,LAYER_1,0.00119684,0.00119684,-0
6628.76,1839.73,LAYER_1,LAYER_2,0.00119684,0.00119684,-5.31907e-16
6628.76,1839.73,LAYER_2,BOTTOM_LAYER,0.00119684,0.00119684,-0
6628.76,2264.93,TOP_LAYER,LAYER_1,0.00124127,0.00124073,0.00360226
6628.76,2264.93,LAYER_1,LAYER_2,0.00124073,0.0012378,0.00360226
6628.76,2264.93,LAYER_2,BOTTOM_LAYER,0.0012378,0.0012378,-0
6643.43,1951.46,TOP_LAYER,LAYER_1,0.0012046,0.00120492,-0.00218688
6643.43,1951.46,LAYER_1,LAYER_2,0.00120492,0.00120671,-0.00218688
6643.43,1951.46,LAYER_2,BOTTOM_LAYER,0.00120671,0.00120671,-0
